title,genres,keywords,overview,cast,director,rating,release_year,poster_url,industry,language,media_type
Interstellar,Sci-Fi|Drama|Adventure,space time travel survival,A team travels through a wormhole to find a new home for humanity.,Matthew McConaughey|Anne Hathaway,Christopher Nolan,8.7,2014,
Inception,Sci-Fi|Thriller|Action,dream heist mind,time thief Dom Cobb is offered a chance to erase his past by planting an idea.,Leonardo DiCaprio|Joseph Gordon-Levitt,Christopher Nolan,8.8,2010,
The Prestige,Drama|Mystery|Sci-Fi,magicians rivalry secrets,A pair of rival magicians become obsessed with creating the perfect illusion.,Christian Bale|Hugh Jackman,Christopher Nolan,8.5,2006,
The Martian,Sci-Fi|Drama|Adventure,mars survival science,A stranded astronaut uses science and humor to survive alone on Mars.,Matt Damon|Jessica Chastain,Ridley Scott,8.0,2015,
Arrival,Sci-Fi|Drama|Mystery,aliens language communication,A linguist works to communicate with mysterious visitors from another world.,Amy Adams|Jeremy Renner,Denis Villeneuve,7.9,2016,
Gravity,Sci-Fi|Thriller|Drama,space survival astronaut,An astronaut fights to return home after an accident leaves her alone in orbit.,Sandra Bullock|George Clooney,Alfonso Cuaron,7.7,2013,
Blade Runner 2049,Sci-Fi|Mystery|Drama,robots future identity,A young blade runner discovers a secret that leads him to a former officer.,Ryan Gosling|Harrison Ford,Denis Villeneuve,8.0,2017,
Ex Machina,Sci-Fi|Thriller|Mystery,artificial intelligence robot experiment,A programmer is invited to test an intelligent humanoid robot.,Domhnall Gleeson|Alicia Vikander,Alex Garland,7.7,2014,
The Matrix,Sci-Fi|Action|Adventure,virtual reality hacker rebellion,A hacker learns that reality is a simulated world and joins a rebellion.,Keanu Reeves|Laurence Fishburne,Lana Wachowski,8.7,1999,
The Truman Show,Drama|Comedy|Sci-Fi,television reality identity,A man slowly discovers that his entire life is a television show.,Jim Carrey|Laura Linney,Peter Weir,8.2,1998,
Eternal Sunshine of the Spotless Mind,Drama|Romance|Sci-Fi,memory love heartbreak,A couple undergoes a procedure to erase memories of each other.,Jim Carrey|Kate Winslet,Michel Gondry,8.3,2004,
Shutter Island,Drama|Mystery|Thriller,island detective memory,A marshal investigates a disappearance at a remote hospital and questions reality.,Leonardo DiCaprio|Mark Ruffalo,Martin Scorsese,8.2,2010,
Memento,Mystery|Thriller|Drama,memory investigation revenge,A man with short-term memory loss searches for the person responsible for a crime.,Guy Pearce|Carrie-Anne Moss,Christopher Nolan,8.4,2000,
The Dark Knight,Action|Crime|Drama,hero villain city justice,A masked hero faces a criminal mastermind who throws a city into chaos.,Christian Bale|Heath Ledger,Christopher Nolan,9.0,2008,
Mad Max Fury Road,Action|Adventure|Sci-Fi,desert chase survival rebellion,Survivors flee across a desert while a rebel warrior helps free captives.,Tom Hardy|Charlize Theron,George Miller,8.1,2015,
The Lord of the Rings,Adventure|Fantasy|Drama,quest friendship ring,A small fellowship begins a dangerous journey to destroy a powerful ring.,Elijah Wood|Ian McKellen,Peter Jackson,8.9,2001,
Whiplash,Drama|Music,ambition jazz mentor,A young drummer enters a demanding conservatory led by an intense teacher.,Miles Teller|J.K. Simmons,Damien Chazelle,8.5,2014,
Parasite,Drama|Thriller|Comedy,class family inequality,A struggling family slowly enters the life of a wealthy household.,Song Kang-ho|Park So-dam,Bong Joon-ho,8.5,2019,
The Grand Budapest Hotel,Comedy|Drama|Adventure,hotel friendship art,A concierge and his lobby boy become involved in a valuable painting theft.,Ralph Fiennes|Tony Revolori,Wes Anderson,8.1,2014,
Spider-Man Into the Spider-Verse,Animation|Action|Adventure,hero multiverse friendship,A teenager becomes a hero and meets spider-people from other dimensions.,Shameik Moore|Hailee Steinfeld,Bob Persichetti,8.4,2018,
The Social Network,Drama,technology ambition friendship,The story of the creation of a global social network and its consequences.,Jesse Eisenberg|Andrew Garfield,David Fincher,7.8,2010,
The Imitation Game,Drama|History|Thriller,code war mathematics,A mathematician helps crack a wartime code while facing social prejudice.,Benedict Cumberbatch|Keira Knightley,Morten Tyldum,8.0,2014,
Her,Drama|Romance|Sci-Fi,technology loneliness voice,A lonely writer develops a relationship with an operating system.,Joaquin Phoenix|Amy Adams,Spike Jonze,8.0,2013,
Moneyball,Drama|Sport,baseball data strategy,A baseball manager uses statistics to build a competitive team on a budget.,Brad Pitt|Jonah Hill,Bennett Miller,7.6,2011,
The Shawshank Redemption,Drama|Crime,prison hope friendship,A banker forms an enduring friendship while serving a long prison sentence.,Tim Robbins|Morgan Freeman,Frank Darabont,9.3,1994,
The Godfather,Crime|Drama,family power loyalty,A family leader protects his empire while the next generation takes over.,,,9.2,1972,,Hollywood,English
The Godfather Part II,Crime|Drama,family empire ambition,A rise to power is traced across two generations of an influential family.,,,9.0,1974,,Hollywood,English
Pulp Fiction,Crime|Drama,nonlinear crime fate,Several connected lives collide through a series of dangerous choices.,,,8.9,1994,,Hollywood,English
Fight Club,Drama|Thriller,identity rebellion society,A disillusioned worker finds a radical way to challenge his empty routine.,,,8.8,1999,,Hollywood,English
Forrest Gump,Drama|Romance,friendship history destiny,A kindhearted man witnesses decades of change while pursuing his childhood love.,,,8.8,1994,,Hollywood,English
Goodfellas,Crime|Drama,gangster ambition betrayal,A young man rises through a criminal organization and watches loyalty collapse.,,,8.7,1990,,Hollywood,English
The Departed,Crime|Thriller,undercover police corruption,Two men on opposite sides of the law struggle to expose each other.,,,8.5,2006,,Hollywood,English
The Green Mile,Drama|Fantasy,prison compassion supernatural,A guard encounters a prisoner whose mysterious gift changes everyone around him.,,,8.6,1999,,Hollywood,English
12 Angry Men,Drama|Crime,jury justice doubt,A juror asks his peers to reconsider a seemingly obvious verdict.,,,9.0,1957,,Hollywood,English
Schindlers List,Drama|History|War,holocaust courage humanity,A businessman risks everything to save people during wartime persecution.,,,9.0,1993,,Hollywood,English
The Silence of the Lambs,Crime|Thriller,detective serial killer psychology,A trainee investigator seeks help from an imprisoned criminal to catch a killer.,,,8.6,1991,,Hollywood,English
Saving Private Ryan,War|Drama,soldier rescue sacrifice,A squad crosses a battlefield to bring one soldier home.,,,8.6,1998,,Hollywood,English
The Good the Bad and the Ugly,Western|Adventure,desert treasure rivalry,Three gunslingers compete to find buried gold during a civil war.,,,8.8,1966,,Hollywood,English
The Usual Suspects,Crime|Mystery,deception mystery witness,A survivor recounts the events behind a mysterious criminal plot.,,,8.5,1995,,Hollywood,English
Se7en,Crime|Thriller,detective murder sin,Two detectives hunt a killer whose crimes follow a disturbing pattern.,,,8.6,1995,,Hollywood,English
The Pianist,Drama|War,music survival resilience,A musician struggles to survive the destruction of his city.,,,8.5,2002,,Hollywood,English
The Intouchables,Comedy|Drama,friendship disability healing,An unlikely friendship gives two people a renewed sense of possibility.,,,8.5,2011,,Hollywood,English
The Lion King,Animation|Adventure|Drama,family kingdom courage,A young heir must reclaim his place and face the past.,,,8.5,1994,,Hollywood,English
Back to the Future,Adventure|Comedy|Sci-Fi,time travel family,A teenager travels through time and must restore his future.,,,8.5,1985,,Hollywood,English
Terminator 2 Judgment Day,Action|Sci-Fi,robot future protection,A machine from the future protects a boy from another deadly machine.,,,8.6,1991,,Hollywood,English
The Green Book,Drama|Comedy,music friendship road,A driver and a musician find common ground on a difficult tour.,,,8.2,2018,,Hollywood,English
The Wolf of Wall Street,Comedy|Crime,finance greed excess,A stockbroker builds a lavish empire before law and ambition catch up.,,,8.2,2013,,Hollywood,English
Django Unchained,Western|Drama,revenge slavery bounty,A freed man and a bounty hunter seek justice across the American frontier.,,,8.4,2012,,Hollywood,English
Inglourious Basterds,War|Drama,revenge resistance history,A group of soldiers plans a daring strike against a wartime regime.,,,8.4,2009,,Hollywood,English
The Hateful Eight,Western|Mystery,snow betrayal strangers,Strangers sheltering from a storm suspect one another of hidden motives.,,,7.8,2015,,Hollywood,English
Once Upon a Time in Hollywood,Comedy|Drama,actor stuntman cinema,A fading actor and his stunt double navigate changing Hollywood.,,,7.6,2019,,Hollywood,English
The Shining,Horror|Drama,hotel isolation madness,A writer descends into terror while isolated with his family.,,,8.4,1980,,Hollywood,English
Alien,Horror|Sci-Fi,space creature survival,A commercial crew faces an unknown lifeform aboard a distant ship.,,,8.5,1979,,Hollywood,English
Aliens,Action|Sci-Fi,space marines rescue,A team returns to a colony where something has gone terribly wrong.,,,8.4,1986,,Hollywood,English
The Thing,Horror|Sci-Fi,arctic paranoia creature,Researchers in an isolated station turn against one another when a creature appears.,,,8.2,1982,,Hollywood,English
Get Out,Horror|Mystery,racism family conspiracy,A visitor discovers a disturbing secret behind his hosts hospitality.,,,7.7,2017,,Hollywood,English
A Quiet Place,Horror|Sci-Fi,family survival silence,A family must live silently while creatures hunt by sound.,,,7.5,2018,,Hollywood,English
The Exorcist,Horror,faith possession fear,A family seeks help when a child appears to be controlled by an evil force.,,,8.1,1973,,Hollywood,English
Hereditary,Horror|Drama,family grief supernatural,A family confronts a terrifying legacy after a devastating loss.,,,7.3,2018,,Hollywood,English
The Conjuring,Horror|Mystery,haunting investigators house,Investigators help a family trapped in a frightening rural home.,,,7.5,2013,,Hollywood,English
The Witch,Horror|Drama,faith isolation forest,A family living at the edge of a forest faces growing suspicion and fear.,,,7.0,2015,,Hollywood,English
The Lighthouse,Drama|Horror,island sailors madness,Two lighthouse keepers struggle with isolation and each other.,,,7.4,2019,,Hollywood,English
Toy Story,Animation|Comedy|Adventure,toys friendship childhood,Toys come alive and learn what friendship means when a new rival arrives.,,,8.3,1995,,Hollywood,English
WALL-E,Animation|Sci-Fi,robot earth space love,A small robot discovers purpose and hope on an abandoned Earth.,,,8.4,2008,,Hollywood,English
Up,Animation|Adventure|Comedy,house journey grief,A widower travels to a distant wilderness with an unexpected companion.,,,8.3,2009,,Hollywood,English
Coco,Animation|Fantasy|Music,family memory music,A young musician enters a colorful world to understand his family history.,,,8.4,2017,,Hollywood,English
Inside Out,Animation|Comedy,emotion family,A child learns to understand the feelings guiding her through change.,,,8.1,2015,,Hollywood,English
Finding Nemo,Animation|Adventure,ocean family,A timid father crosses the ocean to find his missing son.,,,8.2,2003,,Hollywood,English
Ratatouille,Animation|Comedy,cooking ambition,A gifted rat pursues a dream of cooking in a famous restaurant.,,,8.1,2007,,Hollywood,English
How to Train Your Dragon,Animation|Adventure,dragons friendship,A young Viking changes his village by befriending a dragon.,,,8.1,2010,,Hollywood,English
The Incredibles,Animation|Action|Family,superhero family identity,A family of heroes returns to action while trying to live normally.,,,8.0,2004,,Hollywood,English
Zootopia,Animation|Comedy,mystery city,A determined officer and a clever hustler uncover a citywide conspiracy.,,,8.0,2016,,Hollywood,English
La La Land,Drama|Romance|Music,jazz dreams ambition,Two artists fall in love while chasing difficult creative dreams.,,,8.0,2016,,Hollywood,English
The Notebook,Romance|Drama,memory love separation,An enduring romance survives years of distance and changing circumstances.,,,7.8,2004,,Hollywood,English
Titanic,Romance|Drama,ship love tragedy,Two passengers from different worlds fall in love on a famous voyage.,,,7.9,1997,,Hollywood,English
Before Sunrise,Romance|Drama,conversation travel connection,Two travelers spend one night walking and talking through a European city.,,,8.1,1995,,Hollywood,English
Before Sunset,Romance|Drama,reunion time love,Former lovers meet again and reconsider the lives they built apart.,,,8.1,2004,,Hollywood,English
About Time,Romance|Comedy,time travel family,A young man uses a strange gift to improve love and family life.,,,7.8,2013,,Hollywood,English
500 Days of Summer,Romance|Comedy,breakup memory expectations,A young man looks back on a relationship and learns about himself.,,,7.7,2009,,Hollywood,English
Eternal Sunshine,Romance|Sci-Fi,memory heartbreak identity,Two people discover that erasing memories cannot erase love.,,,8.3,2004,,Hollywood,English
Crazy Rich Asians,Romance|Comedy,family culture wealth,A woman meets her partners wealthy family and faces social expectations.,,,6.9,2018,,Hollywood,English
The Big Sick,Romance|Comedy,illness culture family,A comedian and his partner navigate illness and cultural expectations.,,,7.5,2017,,Hollywood,English
Silver Linings Playbook,Drama|Romance,mental health dance family,Two wounded people find connection while rebuilding their lives.,,,7.7,2012,,Hollywood,English
The Pursuit of Happyness,Drama|Biography,poverty father perseverance,A father works through hardship to build a better life for his son.,,,8.0,2006,,Hollywood,English
The Theory of Everything,Drama|Biography,science love illness,A brilliant scientist and his partner face changing circumstances together.,,,7.7,2014,,Hollywood,English
Hidden Figures,Drama|History,space mathematics equality,Three mathematicians help change a space program while challenging barriers.,,,7.8,2016,,Hollywood,English
Oppenheimer,Drama|History|Biography,science war invention,A scientist leads a project that reshapes modern history.,,,8.6,2023,,Hollywood,English
The Social Dilemma,Documentary|Drama,technology media privacy,A film explores how digital platforms shape attention and society.,,,7.6,2020,,Hollywood,English
The Big Short,Drama|Comedy,finance crisis investigation,Analysts uncover a financial collapse before the world sees it coming.,,,7.8,2015,,Hollywood,English
Spotlight,Drama|History,journalism investigation truth,A newspaper team investigates a powerful institution and hidden abuse.,,,8.1,2015,,Hollywood,English
All the Presidents Men,Drama|History,journalism politics scandal,Reporters follow evidence through a political scandal.,,,8.0,1976,,Hollywood,English
The Trial of the Chicago 7,Drama|History,court protest politics,A courtroom battle follows a controversial political trial.,,,7.7,2020,,Hollywood,English
Apollo 13,Drama|History|Adventure,space crisis teamwork,A damaged spacecraft crew fights to return home safely.,,,7.7,1995,,Hollywood,English
The Right Stuff,Drama|History|Adventure,pilots space ambition,Test pilots and astronauts push the limits of flight.,,,7.8,1983,,Hollywood,English
Ford v Ferrari,Drama|Sport|History,racing rivalry engineering,Drivers and engineers build a car to challenge a racing champion.,,,8.1,2019,,Hollywood,English
Rocky,Drama|Sport,boxing discipline comeback,A local boxer receives a once-in-a-lifetime chance at a title fight.,,,8.1,1976,,Hollywood,English
Creed,Drama|Sport,boxing legacy training,A young boxer seeks his own identity under the shadow of a champion.,,,7.6,2015,,Hollywood,English
Moneyball 2,Drama|Sport,baseball strategy teamwork,A determined team uses planning and data to compete against richer rivals.,,,7.2,2022,,Hollywood,English
The Karate Kid,Drama|Sport,mentor discipline tournament,A teenager learns patience and courage from an unexpected mentor.,,,7.3,1984,,Hollywood,English
Remember the Titans,Drama|Sport,football teamwork equality,A coach builds a united team during a tense period of social change.,,,7.8,2000,,Hollywood,English
The Last Samurai,Action|Drama,war honor culture,A soldier finds purpose while caught between changing traditions.,,,7.7,2003,,Hollywood,English
Gladiator,Action|Drama|History,empire revenge arena,A betrayed general fights for justice in an ancient arena.,,,8.5,2000,,Hollywood,English
Braveheart,Action|Drama|History,freedom rebellion Scotland,A warrior leads a rebellion against an occupying power.,,,8.3,1995,,Hollywood,English
Troy,Action|Drama|History,war honor mythology,An ancient conflict tests loyalty and ambition among rival kingdoms.,,,7.3,2004,,Hollywood,English
Kingdom of Heaven,Action|Drama|History,crusades honor Jerusalem,A reluctant leader defends a city while seeking peace.,,,7.2,2005,,Hollywood,English
300,Action|Drama|History,war Sparta sacrifice,A small force makes a legendary stand against a vast army.,,,7.6,2006,,Hollywood,English
The Revenant,Adventure|Drama|Western,survival revenge wilderness,A wounded frontiersman crosses a frozen wilderness seeking justice.,,,8.0,2015,,Hollywood,English
Cast Away,Drama|Adventure,island survival isolation,A stranded traveler learns to survive and reconnect with hope.,,,7.8,2000,,Hollywood,English
Life of Pi,Adventure|Drama,sea survival faith tiger,A young survivor shares a lifeboat with a dangerous animal.,,,7.9,2012,,Hollywood,English
127 Hours,Drama|Adventure,survival climbing courage,A climber trapped in the wilderness must make an impossible decision.,,,7.5,2010,,Hollywood,English
Wild,Drama|Adventure,healing hiking grief,A woman hikes a long trail to recover from personal loss.,,,7.1,2014,,Hollywood,English
The Secret Life of Walter Mitty,Adventure|Comedy,travel imagination courage,A quiet worker begins a real adventure beyond his daydreams.,,,7.3,2013,,Hollywood,English
Pirates of the Caribbean,Adventure|Fantasy,pirates treasure curse,A clever pirate joins a rescue mission involving a supernatural curse.,,,8.0,2003,,Hollywood,English
Jurassic Park,Adventure|Sci-Fi,dinosaurs science island,A theme park loses control of its resurrected prehistoric attractions.,,,8.2,1993,,Hollywood,English
Jaws,Thriller|Adventure,shark ocean beach,A small coastal town faces a deadly threat in its waters.,,,8.1,1975,,Hollywood,English
The Lost Boys,Horror|Comedy,vampires friendship town,Teenagers discover that a seaside town hides a dangerous secret.,,,7.2,1987,,Hollywood,English
The Hunger Games,Action|Sci-Fi,survival rebellion tournament,A young woman enters a televised contest and inspires resistance.,,,7.2,2012,,Hollywood,English
The Maze Runner,Sci-Fi|Mystery,labyrinth memory survival,A teenager wakes in a strange maze with no memory of his past.,,,6.8,2014,,Hollywood,English
Divergent,Sci-Fi|Action,identity rebellion factions,A young woman challenges a society divided by personality types.,,,6.6,2014,,Hollywood,English
Ready Player One,Sci-Fi|Adventure,virtual reality treasure,A gamer enters a digital competition for control of a vast virtual world.,,,7.4,2018,,Hollywood,English
Minority Report,Sci-Fi|Thriller,future crime identity,A police officer questions a system that predicts crimes before they happen.,,,7.6,2002,,Hollywood,English
District 9,Sci-Fi|Action,aliens segregation transformation,An official becomes an outsider while investigating an alien settlement.,,,7.9,2009,,Hollywood,English
Moon,Sci-Fi|Drama,space identity isolation,A worker alone on the Moon begins to question his own reality.,,,7.8,2009,,Hollywood,English
Sunshine,Sci-Fi|Thriller,space mission sacrifice,A crew travels toward a dying sun on a mission to save Earth.,,,7.2,2007,,Hollywood,English
Looper,Sci-Fi|Action,time travel crime identity,A future assassin confronts an older version of himself.,,,7.4,2012,,Hollywood,English
Edge of Tomorrow,Action|Sci-Fi,time loop aliens battle,A soldier relives the same battle until he can change its outcome.,,,7.9,2014,,Hollywood,English
Oblivion,Sci-Fi|Action,post apocalyptic memory drones,A technician on a ruined Earth discovers a hidden truth.,,,7.0,2013,,Hollywood,English
The Fifth Element,Sci-Fi|Action,space future prophecy,A cab driver becomes central to a cosmic struggle over Earths survival.,,,7.6,1997,,Hollywood,English
Children of Men,Sci-Fi|Drama,dystopia hope pregnancy,A cynical man protects a woman whose pregnancy could change humanitys future.,,,7.9,2006,,Hollywood,English
V for Vendetta,Action|Drama,revolution identity freedom,A masked revolutionary challenges an authoritarian government.,,,8.1,2005,,Hollywood,English
The Batman,Action|Crime|Mystery,detective corruption city,A young vigilante follows clues through a corrupt city.,,,7.8,2022,,Hollywood,English
Iron Man,Action|Sci-Fi,hero technology redemption,A weapons maker builds a suit and turns his life toward protecting others.,,,7.9,2008,,Hollywood,English
3 Idiots,Comedy|Drama,students friendship education,A student challenges a rigid education system while protecting his friends.,,,8.4,2009,,Bollywood,Hindi
Lagaan,Drama|Sport|History,cricket village freedom,A village accepts an impossible cricket match to resist an unfair tax.,,,8.1,2001,,Bollywood,Hindi
Dangal,Drama|Sport,father daughters wrestling,A determined father trains his daughters to compete as wrestlers.,,,8.3,2016,,Bollywood,Hindi
Taare Zameen Par,Drama|Family,school art dyslexia,A teacher helps a creative child find confidence and understanding.,,,8.3,2007,,Bollywood,Hindi
Rang De Basanti,Drama|History,friendship activism revolution,Young friends discover courage while confronting injustice in their country.,,,8.1,2006,,Bollywood,Hindi
Swades,Drama|Social,village development identity,A successful engineer returns home and works to improve his village.,,,8.2,2004,,Bollywood,Hindi
Dil Chahta Hai,Comedy|Drama|Romance,friendship travel adulthood,Three friends face changing relationships as they grow into adulthood.,,,8.1,2001,,Bollywood,Hindi
Zindagi Na Milegi Dobara,Comedy|Drama|Adventure,friendship travel self discovery,Three friends take a journey that changes how they see their lives.,,,8.2,2011,,Bollywood,Hindi
Rockstar,Drama|Music|Romance,music ambition heartbreak,A gifted musician finds success while struggling with love and identity.,,,7.7,2011,,Bollywood,Hindi
Barfi,Comedy|Drama|Romance,silent love friendship,A joyful man and two women find unexpected forms of love and belonging.,,,8.1,2012,,Bollywood,Hindi
Queen,Comedy|Drama,travel independence confidence,A young woman travels alone and discovers her own strength.,,,8.1,2013,,Bollywood,Hindi
English Vinglish,Comedy|Drama,family confidence language,A homemaker learns English and gains confidence during a trip abroad.,,,7.8,2012,,Bollywood,Hindi
Kahaani,Thriller|Mystery,pregnancy investigation Kolkata,A woman searches a city for her missing husband while hiding a secret.,,,8.1,2012,,Bollywood,Hindi
Andhadhun,Crime|Thriller|Comedy,pianist mystery deception,A pianist becomes entangled in a crime after an unusual encounter.,,,8.2,2018,,Bollywood,Hindi
Drishyam,Crime|Drama|Thriller,family protection investigation,A father uses careful planning to protect his family from a crime investigation.,,,8.2,2015,,Bollywood,Hindi
Article 15,Crime|Drama|Mystery,police equality investigation,A police officer investigates a case shaped by social discrimination.,,,8.1,2019,,Bollywood,Hindi
Talvar,Crime|Drama|Mystery,investigation evidence justice,Several perspectives reveal the uncertainty behind a difficult investigation.,,,8.2,2015,,Bollywood,Hindi
Gangs of Wasseypur,Crime|Drama,revenge family crime,A feud between families grows across generations in a mining town.,,,8.2,2012,,Bollywood,Hindi
Sacred Games,Crime|Thriller,police gangster Mumbai,A troubled officer follows a warning that connects crime and politics.,,,8.5,2018,,Bollywood,Hindi
Maqbool,Crime|Drama,Shakespeare ambition betrayal,A crime boss and his associates become trapped by ambition and guilt.,,,8.0,2003,,Bollywood,Hindi
Omkara,Crime|Drama,politics jealousy betrayal,A powerful rural drama follows betrayal within a criminal circle.,,,8.1,2006,,Bollywood,Hindi
Haider,Drama|Crime|War,family conflict Kashmir revenge,A son returns home and is drawn into a conflict involving family and power.,,,8.0,2014,,Bollywood,Hindi
Memento Mori,Drama|Mystery,memory investigation identity,A man searches for answers while memories and loyalties shift around him.,,,7.2,2018,,Bollywood,Hindi
Masaan,Drama|Romance,grief caste hope river,Two people seek dignity and hope while facing social expectations.,,,8.1,2015,,Bollywood,Hindi
The Lunchbox,Drama|Romance,food letters loneliness Mumbai,A mistaken lunch delivery creates a quiet connection between two strangers.,,,7.8,2013,,Bollywood,Hindi
Piku,Comedy|Drama,family road trip aging,A daughter and her difficult father take a memorable road journey.,,,7.6,2015,,Bollywood,Hindi
Vicky Donor,Comedy|Romance,family fertility humor,A charming man enters an unusual business and finds unexpected love.,,,7.8,2012,,Bollywood,Hindi
Stree,Horror|Comedy,town folklore friendship,A small town unites to face a mysterious figure from local legend.,,,7.5,2018,,Bollywood,Hindi
Tumbbad,Horror|Fantasy,folklore greed treasure,A family faces an ancient force tied to greed and forbidden treasure.,,,8.2,2018,,Bollywood,Hindi
Bulbbul,Drama|Horror,folklore injustice transformation,A woman becomes a mysterious protector in a society built on cruelty.,,,6.6,2020,,Bollywood,Hindi
Pari,Horror|Mystery,supernatural forest compassion,A man helps a mysterious woman whose past hides a dark secret.,,,6.6,2018,,Bollywood,Hindi
Raazi,Drama|Thriller,spy family sacrifice,A young woman enters a dangerous mission to protect her country and family.,,,7.7,2018,,Bollywood,Hindi
Baby,Action|Thriller,spies terrorism mission,An intelligence team races to stop a threat before it reaches the country.,,,7.9,2015,,Bollywood,Hindi
Uri The Surgical Strike,Action|War,soldiers mission revenge,A military team plans a difficult operation after an attack.,,,8.2,2019,,Bollywood,Hindi
Shershaah,Drama|War,soldier courage sacrifice,A soldier serves his country while balancing duty and personal love.,,,8.4,2021,,Bollywood,Hindi
Border,War|Drama,soldiers battle patriotism,A group of soldiers defends its position against overwhelming odds.,,,7.9,1997,,Bollywood,Hindi
Lakshya,Drama|War,army purpose growth,A directionless young man finds purpose through military service.,,,7.8,2004,,Bollywood,Hindi
Kesari,Action|Drama|History,battle courage sacrifice,A small group of soldiers makes a historic stand against a larger force.,,,7.4,2019,,Bollywood,Hindi
Manikarnika,Action|Drama|History,queen rebellion freedom,A determined queen leads a resistance against colonial power.,,,6.4,2019,,Bollywood,Hindi
Bhaag Milkha Bhaag,Drama|Biography,running trauma resilience,A runner transforms personal tragedy into athletic determination.,,,8.2,2013,,Bollywood,Hindi
Mary Kom,Drama|Sport,boxing family determination,A boxer fights for a career while balancing family and social expectations.,,,6.8,2014,,Bollywood,Hindi
M.S. Dhoni The Untold Story,Drama|Sport,cricket ambition perseverance,A young cricketer works through setbacks to reach the national team.,,,7.9,2016,,Bollywood,Hindi
Chak De India,Drama|Sport,hockey teamwork equality,A coach rebuilds a womens hockey team through discipline and trust.,,,8.1,2007,,Bollywood,Hindi
Iqbal,Drama|Sport,cricket deaf determination,A talented young player pursues cricket despite communication barriers.,,,8.1,2005,,Bollywood,Hindi
Mukkabaaz,Drama|Sport,boxing caste ambition,A boxer battles social prejudice and corruption to pursue his dream.,,,8.0,2017,,Bollywood,Hindi
Kai Po Che,Drama|Sport,friendship cricket ambition,Three friends build a sports academy while facing social conflict.,,,7.8,2013,,Bollywood,Hindi
Yeh Jawaani Hai Deewani,Romance|Drama,friendship travel dreams,A group of friends reunites and learns what matters beyond ambition.,,,7.2,2013,,Bollywood,Hindi
Jab We Met,Romance|Comedy,travel identity healing,A chance meeting on a train changes the lives of two strangers.,,,7.9,2007,,Bollywood,Hindi
Hum Tum,Romance|Comedy,friendship time love,Two people continue crossing paths as friendship becomes something deeper.,,,7.0,2004,,Bollywood,Hindi
Veer Zaara,Romance|Drama,partition sacrifice letters,A long separation tests a love that crosses national boundaries.,,,7.8,2004,,Bollywood,Hindi
Kal Ho Naa Ho,Romance|Drama,friendship illness family,A joyful new friend changes two neighbors while hiding a painful truth.,,,7.9,2003,,Bollywood,Hindi
Kabhi Khushi Kabhie Gham,Drama|Romance,family tradition reunion,A family separates over expectations and searches for reconciliation.,,,7.4,2001,,Bollywood,Hindi
Kuch Kuch Hota Hai,Romance|Drama,friendship college reunion,Old friends reunite and discover how their feelings have changed.,,,7.5,1998,,Bollywood,Hindi
Dilwale Dulhania Le Jayenge,Romance|Drama,family travel tradition,Two young people fall in love while seeking their families approval.,,,8.0,1995,,Bollywood,Hindi
Hum Aapke Hain Koun,Romance|Family,wedding family celebration,A family celebration brings love and difficult choices together.,,,7.5,1994,,Bollywood,Hindi
Maine Pyar Kiya,Romance|Drama,friendship family loyalty,Two friends fall in love and face a test of family loyalty.,,,7.2,1989,,Bollywood,Hindi
Devdas,Drama|Romance,tragic love family class,"A tragic romance is shaped by pride, class, and lost chances.",,,7.6,2002,,Bollywood,Hindi
Black,Drama|Family,teacher disability perseverance,A teacher helps a deafblind student find a way to communicate.,,,8.1,2005,,Bollywood,Hindi
My Name Is Khan,Drama|Romance,identity prejudice journey,A man travels across a country to challenge prejudice and find understanding.,,,7.9,2010,,Bollywood,Hindi
Wake Up Sid,Comedy|Drama,adulthood career Mumbai,A young man learns responsibility while discovering a creative career.,,,7.6,2009,,Bollywood,Hindi
Udaan,Drama|Family,adolescence freedom writing,A teenager fights for independence while finding his own voice.,,,8.1,2010,,Bollywood,Hindi
Stanley Ka Dabba,Comedy|Drama,school childhood food,A child faces school pressures while holding onto his imagination.,,,7.8,2011,,Bollywood,Hindi
Secret Superstar,Drama|Music,family dreams singing,A young singer shares her talent anonymously while seeking freedom.,,,7.8,2017,,Bollywood,Hindi
Gully Boy,Drama|Music,rap poverty ambition,A young artist discovers his voice in the streets of Mumbai.,,,7.9,2019,,Bollywood,Hindi
Tamasha,Drama|Romance,identity storytelling travel,A man questions the life he accepted and rediscovers his imagination.,,,7.3,2015,,Bollywood,Hindi
Lootera,Drama|Romance,art betrayal history,A thief and a woman find love under the weight of a hidden past.,,,7.3,2013,,Bollywood,Hindi
Fitoor,Drama|Romance,art obsession class,A young artist becomes entangled in an intense relationship shaped by class.,,,5.4,2016,,Bollywood,Hindi
October,Drama|Romance,caregiving patience healing,A quiet bond grows while a young man cares for an injured colleague.,,,7.5,2018,,Bollywood,Hindi
Sir,Drama|Romance,class work Mumbai,A domestic worker and her employer form a restrained emotional connection.,,,7.8,2018,,Bollywood,Hindi
Kapoor and Sons,Drama|Family,secrets family grief,A family reunion exposes old secrets and changing relationships.,,,7.7,2016,,Bollywood,Hindi
Dil Dhadakne Do,Comedy|Drama,family cruise relationships,A wealthy family confronts hidden tensions during a long voyage.,,,6.8,2015,,Bollywood,Hindi
Badhaai Ho,Comedy|Family,parents pregnancy generation,A family adjusts to an unexpected late-life pregnancy.,,,7.9,2018,,Bollywood,Hindi
Bareilly Ki Barfi,Comedy|Romance,town identity writing,A spirited woman searches for the author of a book that resembles her life.,,,7.5,2017,,Bollywood,Hindi
Shubh Mangal Zyada Saavdhan,Comedy|Romance,family acceptance identity,A couple works to win acceptance from a traditional family.,,,5.8,2020,,Bollywood,Hindi
Hindi Medium,Comedy|Drama,education class parenting,A couple navigates school admissions and social status for their child.,,,7.8,2017,,Bollywood,Hindi
Paa,Drama|Family,parent child illness,A father and son build a bond under extraordinary circumstances.,,,7.1,2009,,Bollywood,Hindi
Munna Bhai M.B.B.S.,Comedy|Drama,medicine compassion reform,A kindhearted gangster enters medical school and changes its culture.,,,8.1,2003,,Bollywood,Hindi
Lage Raho Munna Bhai,Comedy|Drama,nonviolence compassion reform,A local tough guy uses kindness and moral courage to solve problems.,,,8.0,2006,,Bollywood,Hindi
Hera Pheri,Comedy|Crime,friendship debt confusion,Three roommates become caught in a chaotic plan to escape financial trouble.,,,8.2,2000,,Bollywood,Hindi
Andaz Apna Apna,Comedy|Romance,friendship rivalry mistaken identity,Two schemers compete for love and accidentally uncover a criminal plot.,,,8.0,1994,,Bollywood,Hindi
Welcome,Comedy|Crime,family gangsters wedding,A man seeking a quiet marriage becomes entangled with a criminal family.,,,7.1,2007,,Bollywood,Hindi
Bhool Bhulaiyaa,Comedy|Horror,psychology palace mystery,A psychiatrist investigates strange events in an old family mansion.,,,7.3,2007,,Bollywood,Hindi
Go Goa Gone,Comedy|Horror,zombies friendship island,A group of friends battles zombies during a chaotic island holiday.,,,6.6,2013,,Bollywood,Hindi
Mard Ko Dard Nahi Hota,Action|Comedy,training revenge confidence,A young man with unusual immunity trains to protect his family.,,,7.3,2018,,Bollywood,Hindi
Krrish,Sci-Fi|Action,superhero identity family,A young man discovers extraordinary powers and faces a dangerous enemy.,,,6.4,2006,,Bollywood,Hindi
Ra.One,Sci-Fi|Action,game technology hero,A digital villain escapes from a game and threatens the real world.,,,4.8,2011,,Bollywood,Hindi
Robot,Sci-Fi|Action,robot invention love,A scientist creates a powerful robot whose emotions create danger.,,,7.1,2010,,Bollywood,Hindi
Enthiran,Sci-Fi|Action,robot science identity,A brilliant invention becomes unpredictable when it develops a will of its own.,,,7.1,2010,,Bollywood,Hindi
PK,Comedy|Drama,alien religion questions,A visitor to Earth asks simple questions that challenge social assumptions.,,,8.1,2014,,Bollywood,Hindi
OMG Oh My God,Comedy|Drama,faith questions justice,A shopkeeper challenges religious institutions after a personal loss.,,,7.7,2012,,Bollywood,Hindi
Paan Singh Tomar,Drama|Biography,athlete rebellion injustice,A gifted athlete becomes an outlaw after facing betrayal and injustice.,,,8.2,2012,,Bollywood,Hindi
Newton,Comedy|Drama,election democracy duty,A government worker tries to conduct a fair election in a remote region.,,,7.6,2017,,Bollywood,Hindi
Court,Drama|Legal,music activism justice,A quiet legal case reveals tensions in society and the justice system.,,,7.7,2014,,Bollywood,Hindi
Aligarh,Drama|Biography,professor dignity privacy,A professor fights for dignity and privacy after public discrimination.,,,7.8,2015,,Bollywood,Hindi
Shahid,Drama|Biography,law justice activism,A lawyer defends marginalized people despite threats and personal cost.,,,8.2,2012,,Bollywood,Hindi
Phantom,Action|Thriller,spy revenge mission,An operative follows a dangerous trail connected to a national tragedy.,,,5.8,2015,,Bollywood,Hindi
Special 26,Crime|Thriller,heist investigation deception,A group performs a daring fake raid while police close in.,,,8.0,2013,,Bollywood,Hindi
A Wednesday,Thriller|Drama,terror negotiation city,A common citizen forces officials to confront public fear and frustration.,,,8.1,2008,,Bollywood,Hindi
Race,Action|Thriller,racing betrayal wealth,Two brothers enter a dangerous contest shaped by deception and ambition.,,,6.6,2008,,Bollywood,Hindi
Don,Action|Crime,undercover crime identity,A man infiltrates a criminal network while hiding his own identity.,,,7.1,2006,,Bollywood,Hindi
Agneepath,Action|Drama,revenge family crime,A determined man returns to settle a score with a powerful criminal.,,,6.9,2012,,Bollywood,Hindi
Singham,Action|Drama,police justice corruption,A principled officer confronts corruption in a powerful criminal network.,,,6.8,2011,,Bollywood,Hindi
Drishyam 2,Crime|Drama|Thriller,family secrets police,A family faces a renewed investigation while protecting an old secret.,,,8.6,2022,,Bollywood,Hindi
Jugjugg Jeeyo,Comedy|Drama,marriage family change,"A family confronts relationships, expectations, and the possibility of change.",,,6.1,2022,,Bollywood,Hindi
Ludo,Comedy|Crime,parallel stories fate Mumbai,"Several lives collide through chance, crime, and unexpected romance.",,,7.6,2020,,Bollywood,Hindi
Monica O My Darling,Crime|Comedy,murder mystery ambition,A clever employee becomes trapped in a comic web of betrayal and murder.,,,7.4,2022,,Bollywood,Hindi
Joram,Drama|Thriller,displacement survival injustice,A displaced father tries to protect his child while facing a powerful system.,,,7.9,2023,,Bollywood,Hindi
12th Fail,Drama|Biography,education perseverance civil service,A student overcomes poverty and setbacks while pursuing public service.,,,9.0,2023,,Bollywood,Hindi
Laapataa Ladies,Comedy|Drama,identity village marriage,A missing bride story brings two women unexpected freedom and friendship.,,,8.5,2024,,Bollywood,Hindi
F1,Drama|Sport|Action,racing speed rivalry teamwork,A former driver returns to the racing world to mentor a young driver and challenge the grid.,,,7.8,2025,,Hollywood,English
Michael,Drama|Biography|Music,artist singer fame family,A music biopic follows a legendary performer through ambition fame and family pressure.,,,7.6,2026,,Hollywood,English
Superman,Action|Adventure|Sci-Fi,hero hope metropolis identity,A powerful hero searches for a balance between hope duty and his place in a changing world.,,,7.7,2025,,Hollywood,English
The Fantastic Four First Steps,Action|Adventure|Sci-Fi,superhero family space science,A team of explorers faces a cosmic threat while protecting their family and world.,,,7.5,2025,,Hollywood,English
Mission Impossible The Final Reckoning,Action|Thriller,spy mission sacrifice technology,An elite agent races across the globe to stop a threat that could destabilize civilization.,,,7.8,2025,,Hollywood,English
Jurassic World Rebirth,Action|Adventure|Sci-Fi,dinosaurs expedition survival island,A new expedition enters dangerous territory to uncover a secret tied to prehistoric life.,,,6.9,2025,,Hollywood,English
Avatar Fire and Ash,Sci-Fi|Adventure|Fantasy,aliens family nature conflict,A new journey through Pandora brings an old family into conflict with a powerful threat.,,,7.5,2025,,Hollywood,English
How to Train Your Dragon 2025,Adventure|Fantasy|Family,dragons friendship courage village,A young Viking and a dragon build trust while their village faces a new danger.,,,7.3,2025,,Hollywood,English
Ballerina,Action|Thriller,assassin revenge training ballet,A trained assassin follows a dangerous path of revenge after losing someone she loved.,,,7.1,2025,,Hollywood,English
Thunderbolts,Action|Adventure|Sci-Fi,antiheroes team mission redemption,A group of damaged heroes must cooperate when a mission reveals a larger threat.,,,7.5,2025,,Hollywood,English
The Running Man,Action|Sci-Fi,dystopia survival television rebellion,A desperate contestant enters a brutal televised contest to save his family.,,,7.0,2025,,Hollywood,English
Tron Ares,Sci-Fi|Action,artificial intelligence digital world identity,A powerful program crosses into the human world and changes the rules of technology.,,,7.0,2025,,Hollywood,English
Wicked For Good,Fantasy|Drama|Music,friendship magic identity courage,Two friends face the consequences of magic power and choices that changed their world.,,,7.4,2025,,Hollywood,English
The Housemaid,Drama|Thriller,wealth secrets family deception,A new employee enters a wealthy home where every relationship hides a secret.,,,6.8,2025,,Hollywood,English
The Odyssey,Adventure|Drama|Fantasy,journey myth homecoming sea,A legendary traveler struggles through monsters war and distance to return home.,,,7.8,2026,,Hollywood,English
Project Hail Mary,Sci-Fi|Adventure,space science survival friendship,A lone scientist races to solve a cosmic crisis that threatens Earth.,,,8.0,2026,,Hollywood,English
Avengers Secret Wars,Action|Adventure|Sci-Fi,heroes multiverse sacrifice,A gathering of heroes must defend reality when multiple worlds begin to collide.,,,7.8,2026,,Hollywood,English
Spider Man Brand New Day,Action|Adventure|Sci-Fi,hero city identity responsibility,A young hero faces a new threat while trying to protect an ordinary life.,,,7.4,2026,,Hollywood,English
Blade,Action|Fantasy|Horror,vampires hunter justice night,A supernatural hunter protects humanity from a hidden vampire war.,,,7.0,2026,,Hollywood,English
War 2,Action|Thriller,spy rivalry mission betrayal,Two skilled agents are forced into a dangerous confrontation shaped by secrets and loyalty.,,,7.4,2025,,Bollywood,Hindi
Sikandar,Action|Drama,justice family revenge hero,A determined man challenges a powerful system to protect his family and community.,,,6.8,2025,,Bollywood,Hindi
Chhaava,Drama|History|Action,war king courage sacrifice,A warrior king defends his people while facing an expanding empire.,,,8.0,2025,,Bollywood,Hindi
Kesari Chapter 2,Drama|History|Legal,justice history courtroom courage,A lawyer confronts a painful chapter of history through a difficult legal fight.,,,7.5,2025,,Bollywood,Hindi
Raid 2,Crime|Thriller,investigation corruption tax justice,An honest officer follows evidence through a powerful network of corruption.,,,7.0,2025,,Bollywood,Hindi
Housefull 5,Comedy|Mystery,marriage inheritance deception comedy,A chaotic celebration turns into a mystery when family secrets surface.,,,6.2,2025,,Bollywood,Hindi
Thug Life,Action|Crime,gangster loyalty revenge power,A hardened criminal faces betrayal while trying to control a changing underworld.,,,7.0,2025,,Bollywood,Hindi
Sitaare Zameen Par,Comedy|Drama|Sport,team friendship inclusion basketball,A coach and an unlikely team discover confidence through sport and friendship.,,,7.5,2025,,Bollywood,Hindi
Param Sundari,Romance|Comedy,culture travel identity love,A cross-cultural romance grows through travel family expectations and humor.,,,6.8,2025,,Bollywood,Hindi
Dhurandhar,Action|Thriller,spy mission patriotism deception,An intelligence operative takes on a dangerous mission shaped by hidden alliances.,,,7.2,2025,,Bollywood,Hindi
Border 2,War|Drama,soldiers courage sacrifice friendship,A new generation of soldiers stands together during a dangerous military conflict.,,,7.5,2026,,Bollywood,Hindi
Ramayana Part One,Adventure|Fantasy|Drama,mythology duty exile devotion,A prince begins an epic journey shaped by duty love and loyalty.,,,7.8,2026,,Bollywood,Hindi
Toxic,Action|Thriller,crime family power revenge,A dangerous underworld figure returns to settle an old score and protect his family.,,,7.1,2025,,Bollywood,Hindi
Deva,Action|Thriller,police memory investigation corruption,A determined officer investigates a case while questioning his own memory.,,,6.7,2025,,Bollywood,Hindi
Metro In Dino,Drama|Romance,relationships city modern love,Several couples navigate love loneliness and changing relationships in a busy city.,,,7.0,2025,,Bollywood,Hindi
Breaking Bad,Crime|Drama,chemistry crime family transformation,A chemistry teacher enters the drug trade and transforms his life and family.,Bryan Cranston|Aaron Paul,Vince Gilligan,9.5,2008,,Hollywood,English,Series
Stranger Things,Sci-Fi|Horror|Drama,small town friendship monsters mystery,A group of friends confronts strange events and a hidden world in their town.,Millie Bobby Brown|Finn Wolfhard,The Duffer Brothers,8.6,2016,,Hollywood,English,Series
The Last of Us,Drama|Sci-Fi|Adventure,post apocalyptic survival infection,A survivor and a young girl cross a dangerous world shaped by an outbreak.,Pedro Pascal|Bella Ramsey,Craig Mazin,8.7,2023,,Hollywood,English,Series
Game of Thrones,Drama|Fantasy|Adventure,kingdom power dragons war,Competing families struggle for power while an ancient threat returns.,Emilia Clarke|Kit Harington,David Benioff,9.2,2011,,Hollywood,English,Series
The Office,Comedy,workplace friendship workplace humor,Office employees navigate work relationships and everyday absurdity.,Steve Carell|Rainn Wilson,Greg Daniels,8.9,2005,,Hollywood,English,Series
The Bear,Drama|Comedy,restaurant family pressure cooking,A talented chef returns home to run a difficult family restaurant.,Jeremy Allen White|Ayo Edebiri,Christopher Storer,8.5,2022,,Hollywood,English,Series
Wednesday,Comedy|Fantasy|Mystery,school mystery family gothic,A sharp student investigates strange events at a mysterious academy.,Jenna Ortega|Catherine Zeta-Jones,Alfred Gough,8.0,2022,,Hollywood,English,Series
The Mandalorian,Sci-Fi|Adventure|Action,space bounty hunter found family,A lone bounty hunter protects a mysterious child across the galaxy.,Pedro Pascal|Carl Weathers,Jon Favreau,8.6,2019,,Hollywood,English,Series
The Boys,Action|Drama|Satire,superheroes corruption revenge,A group challenges powerful heroes who hide dangerous abuses of power.,Karl Urban|Jack Quaid,Eric Kripke,8.7,2019,,Hollywood,English,Series
Panchayat,Comedy|Drama,village government friendship community,A graduate adjusts to a rural government job and discovers an unexpected community.,Jitendra Kumar|Raghubir Yadav,Deepak Kumar Mishra,9.0,2020,,Bollywood,Hindi,Series
Scam 1992,Drama|Biography,stock market ambition finance rise,A stockbroker builds a powerful empire before a financial scandal changes everything.,Pratik Gandhi|Shreya Dhanwanthary,Hansal Mehta,9.3,2020,,Bollywood,Hindi,Series
The Family Man,Action|Drama|Comedy,spy family terrorism balance,A secret agent protects the country while managing the chaos of family life.,Manoj Bajpayee|Priyamani,Raj Nidimoru,8.7,2019,,Bollywood,Hindi,Series
Mirzapur,Crime|Action|Drama,gangster power revenge family,A violent power struggle grows between criminal families in a small city.,Pankaj Tripathi|Ali Fazal,Karan Anshuman,8.5,2018,,Bollywood,Hindi,Series
Sacred Games Series,Crime|Thriller|Drama,gangster police Mumbai conspiracy,A troubled police officer follows a warning that connects crime and politics.,Saif Ali Khan|Nawazuddin Siddiqui,Vikramaditya Motwane,8.5,2018,,Bollywood,Hindi,Series
Kota Factory,Comedy|Drama,students education friendship ambition,Students prepare for exams while learning about pressure friendship and purpose.,Jitendra Kumar|Mayur More,Raghav Subbu,9.0,2019,,Bollywood,Hindi,Series
Made in Heaven,Drama|Romance,weddings class relationships secrets,Wedding planners uncover the private conflicts behind extravagant celebrations.,Sobhita Dhulipala|Arjun Mathur,Zoya Akhtar,8.3,2019,,Bollywood,Hindi,Series
Delhi Crime,Crime|Drama|Thriller,police investigation justice Delhi,A police team investigates a serious crime while pursuing justice under pressure.,Shefali Shah|Rasika Dugal,Ritchie Mehta,8.5,2019,,Bollywood,Hindi,Series
Friends,Comedy|Romance,friendship workplace relationships New York,Six friends share work love and everyday life while growing up together in New York.,Jennifer Aniston|Matthew Perry,David Crane,8.9,1994,,Hollywood,English,Series
Sherlock,Crime|Mystery|Drama,detective London deduction partnership,A brilliant detective and his loyal friend solve dangerous cases across London.,Benedict Cumberbatch|Martin Freeman,Mark Gatiss,9.1,2010,,Hollywood,English,Series
Suits,Drama,lawyers ambition friendship courtroom,A talented college dropout joins a powerful law firm and hides a major secret.,Gabriel Macht|Patrick J. Adams,Aaron Korsh,8.4,2011,,Hollywood,English,Series
Dark,Sci-Fi|Mystery|Drama,time travel family mystery,A family mystery expands across generations and a town shaped by time travel.,Louis Hofmann|Lisa Vicari,Baran bo Odar,8.7,2017,,Hollywood,English,Series
Black Mirror,Sci-Fi|Drama|Thriller,technology society identity future,Standalone stories examine how technology changes human behavior and society.,Bryce Dallas Howard|Jon Hamm,Charlie Brooker,8.7,2011,,Hollywood,English,Series
Peaky Blinders,Crime|Drama,gangster family power Birmingham,A clever criminal family builds influence while facing rivals and political pressure.,Cillian Murphy|Helen McCrory,Steven Knight,8.8,2013,,Hollywood,English,Series
The Witcher,Fantasy|Adventure|Drama,monster hunter magic destiny,A monster hunter travels through a dangerous world shaped by magic and destiny.,Henry Cavill|Anya Chalotra,Lauren Schmidt Hissrich,8.0,2019,,Hollywood,English,Series
Lost,Adventure|Drama|Mystery,island survival plane mystery,Survivors of a crash uncover secrets while trying to escape a mysterious island.,Matthew Fox|Evangeline Lilly,J. J. Abrams,8.3,2004,,Hollywood,English,Series
Prison Break,Crime|Action|Thriller,escape prison brother conspiracy,A man enters prison to help his brother escape and expose a conspiracy.,Wentworth Miller|Dominic Purcell,Paul Scheuring,8.3,2005,,Hollywood,English,Series
The Crown,Drama|History|Biography,royalty family politics duty,A historical drama follows a monarch and the people around her through decades of change.,Claire Foy|Olivia Colman,Peter Morgan,8.6,2016,,Hollywood,English,Series
Better Call Saul,Crime|Drama,law crime transformation family,A small time lawyer slowly becomes entangled in crime and moral compromise.,Bob Odenkirk|Rhea Seehorn,Vince Gilligan,9.0,2015,,Hollywood,English,Series
True Detective,Crime|Drama|Mystery,detectives murder investigation darkness,Detectives revisit difficult cases that have shaped their lives and identities.,Matthew McConaughey|Woody Harrelson,Nic Pizzolatto,8.9,2014,,Hollywood,English,Series
Chernobyl,Drama|History,disaster science government sacrifice,Workers and investigators confront the consequences of a catastrophic nuclear accident.,Jared Harris|Stellan Skarsgard,Craig Mazin,9.3,2019,,Hollywood,English,Series
The Walking Dead,Horror|Drama|Action,zombies survival family community,Survivors travel through a collapsed world while protecting their group.,Andrew Lincoln|Norman Reedus,Frank Darabont,8.1,2010,,Hollywood,English,Series
The Sopranos,Crime|Drama,mafia family therapy identity,A crime boss balances family life with the pressure of leading an organization.,James Gandolfini|Edie Falco,David Chase,9.2,1999,,Hollywood,English,Series
Narcos,Crime|Drama|Biography,drug trade cartel investigation,Law enforcement and criminals battle for control of a dangerous drug empire.,Wagner Moura|Pedro Pascal,Chris Brancato,8.7,2015,,Hollywood,English,Series
Money Heist,Crime|Thriller|Drama,robbery professor team strategy,A mastermind leads a carefully planned robbery with a group of recruited criminals.,Alvaro Morte|Ursula Corbero,Alex Pina,8.2,2017,,Hollywood,English,Series
The Haunting of Hill House,Horror|Drama|Mystery,family haunted house grief,A family confronts memories and supernatural consequences from a haunted home.,Victoria Pedretti|Henry Thomas,Mike Flanagan,8.5,2018,,Hollywood,English,Series
The Queen's Gambit,Drama, chess competition orphan ambition,A young chess prodigy pursues mastery while facing isolation and addiction.,Anya Taylor Joy|Thomas Brodie Sangster,Scott Frank,8.5,2020,,Hollywood,English,Series
Aspirants,Drama|Comedy,students civil service friendship ambition,Three friends face exams ambition and changing relationships while pursuing public service.,Naveen Kasturia|Shweta Tripathi,Deepak Kumar Mishra,9.2,2021,,Bollywood,Hindi,Series
TVF Pitchers,Comedy|Drama,startup friendship entrepreneurship,A group of friends leaves stable jobs to build a company together.,Naveen Kasturia|Arunabh Kumar,The Viral Fever,9.1,2015,,Bollywood,Hindi,Series
Rocket Boys,Drama|History|Biography,science scientists nation building,Two brilliant scientists help shape a young nations scientific future.,Jim Sarbh|Ishwak Singh,Abhay Pannu,8.9,2022,,Bollywood,Hindi,Series
Farzi,Crime|Thriller|Drama,counterfeit crime artist police,A gifted artist enters the world of counterfeiting and draws the attention of police.,Shahid Kapoor|Vijay Sethupathi,Raj Nidimoru,8.3,2023,,Bollywood,Hindi,Series
Jubilee,Drama|Music|History,cinema ambition betrayal studio,A studio drama follows artists and dreamers during the rise of Hindi cinema.,Aditi Rao Hydari|Aparshakti Khurana,Vikramaditya Motwane,8.1,2023,,Bollywood,Hindi,Series
The Railway Men,Drama|History|Disaster,railway workers courage disaster,A group of railway workers risks their lives during an industrial disaster.,R. Madhavan|Kay Kay Menon,Shiv Rawail,8.5,2023,,Bollywood,Hindi,Series
Heeramandi,Drama|History|Romance,courtesans music power independence,Women in a historic cultural district navigate power love and political change.,Manisha Koirala|Sonakshi Sinha,Sanjay Leela Bhansali,7.5,2024,,Bollywood,Hindi,Series
Paatal Lok,Crime|Thriller|Drama,police caste investigation corruption,A tired police officer follows a case into a complex world of crime and inequality.,Jaideep Ahlawat|Gul Panag,Avinash Arun,8.2,2020,,Bollywood,Hindi,Series
Aarya,Crime|Drama|Thriller,family crime survival revenge,A mother is drawn into organized crime while trying to protect her children.,Sushmita Sen|Chandrachur Singh,Ram Madhvani,7.8,2020,,Bollywood,Hindi,Series
Gullak,Comedy|Drama,family middle class memories,A warm family story finds humor and affection in everyday life.,Jameel Khan|Geetanjali Kulkarni,Shreyansh Pandey,9.1,2019,,Bollywood,Hindi,Series
Succession,Drama,media family power wealth betrayal,A wealthy family fights for control of a global media company while trust disappears.,Brian Cox|Jeremy Strong,Jesse Armstrong,8.9,2018,,Hollywood,English,Series
The Wire,Crime|Drama,police city drugs institutions,A detailed portrait of crime law enforcement and politics in a changing American city.,Dominic West|Idris Elba,David Simon,9.3,2002,,Hollywood,English,Series
Mad Men,Drama,advertising identity ambition relationships,Advertising executives navigate ambition identity and changing social expectations.,Jon Hamm|Elisabeth Moss,Matthew Weiner,8.7,2007,,Hollywood,English,Series
Ozark,Crime|Drama,finance cartel family survival,A financial planner moves his family and launders money for a dangerous cartel.,Jason Bateman|Laura Linney,Bill Dubuque,8.5,2017,,Hollywood,English,Series
House of the Dragon,Fantasy|Drama|Action,dragons dynasty family war,A royal family descends into a civil war over succession and power.,Paddy Considine|Emma D Arcy,Ryan Condal,8.3,2022,,Hollywood,English,Series
Westworld,Sci-Fi|Drama|Mystery,robots consciousness theme park identity,Artificial beings in an advanced theme park begin questioning their reality.,Evan Rachel Wood|Thandiwe Newton,Jonathan Nolan,8.5,2016,,Hollywood,English,Series
Mr Robot,Drama|Thriller|Crime,hacking identity technology society,A gifted hacker joins a group planning to disrupt a powerful corporation.,Rami Malek|Christian Slater,Sam Esmail,8.5,2015,,Hollywood,English,Series
Fargo,Crime|Drama|Thriller,crime winter small town deception,Ordinary people become trapped in strange and violent criminal schemes.,Billy Bob Thornton|Martin Freeman,Noah Hawley,8.9,2014,,Hollywood,English,Series
Mindhunter,Crime|Drama|Thriller,serial killers psychology interviews,Investigators interview imprisoned killers to understand patterns of violent crime.,Jonathan Groff|Holt McCallany,Joe Penhall,8.6,2017,,Hollywood,English,Series
Ted Lasso,Comedy|Drama|Sport,football optimism friendship coaching,A cheerful coach leads an English football team while learning from its community.,Jason Sudeikis|Hannah Waddingham,Bill Lawrence,8.8,2020,,Hollywood,English,Series
Severance,Sci-Fi|Drama|Mystery,work identity memory corporation,A worker discovers disturbing secrets behind a procedure separating work and personal memories.,Adam Scott|Britt Lower,Dan Erickson,8.7,2022,,Hollywood,English,Series
The Umbrella Academy,Action|Fantasy|Drama,superhero family time travel,A group of adopted siblings reunites to prevent a strange apocalypse.,Elliot Page|Robert Sheehan,Steve Blackman,7.8,2019,,Hollywood,English,Series
Bridgerton,Drama|Romance,regency family marriage society,A young woman enters the competitive world of romance and social expectations.,Phoebe Dynevor|Regé Jean Page,Chris Van Dusen,7.4,2020,,Hollywood,English,Series
The Good Doctor,Drama|Medical,doctor autism hospital compassion,A gifted young surgeon proves himself while navigating a demanding hospital.,Freddie Highmore|Antonia Thomas,David Shore,8.0,2017,,Hollywood,English,Series
Special OPS,Action|Thriller|Drama,spy terrorism investigation mission,A determined intelligence officer connects attacks across years of investigation.,Kay Kay Menon|Karan Tacker,Neeraj Pandey,8.6,2020,,Bollywood,Hindi,Series
Asur,Crime|Mystery|Thriller,serial killer mythology psychology,A forensic officer faces a killer who connects ancient mythology with modern crime.,Arshad Warsi|Barun Sobti,Gaurav Shukla,8.5,2020,,Bollywood,Hindi,Series
Criminal Justice,Crime|Drama|Legal,court prison innocence justice,A man enters the justice system after a night that changes his life.,Pankaj Tripathi|Vikrant Massey,Shirish Gupta,8.1,2018,,Bollywood,Hindi,Series
Breathe,Crime|Thriller|Drama,family desperation investigation,A father makes dangerous choices to save his child while police investigate.,R. Madhavan|Amit Sadh,Mayank Sharma,8.0,2018,,Bollywood,Hindi,Series
Yeh Kaali Kaali Ankhein,Crime|Romance|Thriller,obsession politics escape identity,A man is pursued by a powerful politicians daughter while trying to reclaim his life.,Tahir Raj Bhasin|Shweta Tripathi,Siddharth Sengupta,7.0,2022,,Bollywood,Hindi,Series
Khakee The Bihar Chapter,Crime|Action|Drama,police gangster justice corruption,A principled police officer confronts a dangerous criminal network in Bihar.,Karan Tacker|Avinash Tiwary,Neeraj Yadav,8.2,2022,,Bollywood,Hindi,Series
Undekhi,Crime|Thriller|Drama,crime power investigation family,A murder witnessed during a wedding reveals the violence beneath a wealthy family.,Surya Sharma|Dibyendu Bhattacharya,Ankur Rathee,8.0,2020,,Bollywood,Hindi,Series
Inside Edge,Drama|Sport|Crime,cricket business corruption ambition,A cricket league becomes a battlefield of money ambition and hidden manipulation.,Vivek Oberoi|Richa Chadda,Karan Anshuman,7.9,2017,,Bollywood,Hindi,Series
Rangbaaz,Crime|Drama|Biography,gangster politics rise power,A young man becomes a feared criminal while politics and ambition reshape his life.,Saqib Saleem|Tigmanshu Dhulia,Bhav Dhulia,8.0,2018,,Bollywood,Hindi,Series
Permanent Roommates,Comedy|Romance,relationships commitment family humor,A long distance couple faces the messy decisions of love and commitment.,Sumeet Vyas|Nidhi Singh,Sameer Saxena,8.6,2014,,Bollywood,Hindi,Series
TVF Tripling,Comedy|Drama,siblings road trip family healing,Three siblings take a road trip and rediscover their bond after years apart.,Sumeet Vyas|Maanvi Gagroo,Sameer Saxena,8.5,2016,,Bollywood,Hindi,Series
Flames,Romance|Comedy,school friendship first love exams,Two students discover first love while balancing friendship family and exams.,Ritvik Sahore|Tanya Maniktala,Arunabh Kumar,8.9,2018,,Bollywood,Hindi,Series
Mismatched,Romance|Comedy,students technology friendship identity,Two students meet at a coding program and find connection amid uncertainty.,Prajakta Koli|Rohit Saraf,Akarsh Khurana,6.9,2020,,Bollywood,Hindi,Series
The Broken News,Drama|Thriller,journalism media truth ethics,Journalists at rival newsrooms struggle between truth ratings and political pressure.,Sonali Bendre|Jaideep Ahlawat,Vaibhav Mehta,7.5,2022,,Bollywood,Hindi,Series
Yeh Meri Family,Comedy|Drama,family childhood school memories,A child experiences family friendship and growing up in a warm middle class home.,Mona Singh|Akarshan Singh,Sameer Saxena,8.9,2018,,Bollywood,Hindi,Series
The Dark Knight Rises,Action|Crime|Drama,hero city sacrifice revolution,A masked hero returns to protect a city from a powerful enemy.,Christian Bale|Tom Hardy,Christopher Nolan,8.4,2012,,Hollywood,English,Movie
Batman Begins,Action|Crime|Drama,hero origin fear justice,A wealthy heir becomes a masked protector after training to fight crime.,Christian Bale|Michael Caine,Christopher Nolan,8.2,2005,,Hollywood,English,Movie
Joker,Crime|Drama,clown society isolation transformation,A lonely man is pushed toward violence by a society that ignores him.,Joaquin Phoenix|Robert De Niro,Todd Phillips,8.4,2019,,Hollywood,English,Movie
Logan,Action|Drama|Sci-Fi,mutant family aging sacrifice,A tired hero protects a young mutant while facing the end of an era.,Hugh Jackman|Patrick Stewart,James Mangold,8.1,2017,,Hollywood,English,Movie
Deadpool,Action|Comedy|Sci-Fi,superhero revenge humor experiment,A wisecracking hero seeks revenge after a dangerous experiment changes him.,Ryan Reynolds|Morena Baccarin,Tim Miller,8.0,2016,,Hollywood,English,Movie
Guardians of the Galaxy,Action|Adventure|Sci-Fi,space team friendship music,A group of criminals becomes an unlikely team defending the galaxy.,Chris Pratt|Zoe Saldana,James Gunn,8.0,2014,,Hollywood,English,Movie
Thor Ragnarok,Action|Adventure|Comedy,hero mythology family planet,A powerful hero fights to save his home while confronting his past.,Chris Hemsworth|Cate Blanchett,Taika Waititi,7.9,2017,,Hollywood,English,Movie
Captain America Winter Soldier,Action|Thriller|Sci-Fi,hero conspiracy government trust,A hero uncovers a conspiracy inside the organization he serves.,Chris Evans|Scarlett Johansson,Anthony Russo,7.7,2014,,Hollywood,English,Movie
Top Gun Maverick,Action|Drama|Sport,pilots training legacy courage,A veteran pilot trains a new generation for an impossible mission.,Tom Cruise|Miles Teller,Joseph Kosinski,8.2,2022,,Hollywood,English,Movie
Dune Part Two,Sci-Fi|Adventure|Drama,desert prophecy revenge war,A young leader joins a desert people while preparing for a historic conflict.,Timothee Chalamet|Zendaya,Denis Villeneuve,8.7,2024,,Hollywood,English,Movie
Everything Everywhere All at Once,Action|Comedy|Sci-Fi,multiverse family identity laundromat,A woman discovers countless versions of herself while trying to save her family.,Michelle Yeoh|Ke Huy Quan,Daniel Kwan,7.7,2022,,Hollywood,English,Movie
Knives Out,Crime|Comedy|Mystery,murder family inheritance detective,A detective investigates a wealthy family after a suspicious death.,Daniel Craig|Ana de Armas,Rian Johnson,7.9,2019,,Hollywood,English,Movie
Glass Onion,Crime|Comedy|Mystery,island murder friends wealth,A detective gathers a group of wealthy friends when a mystery turns dangerous.,Daniel Craig|Edward Norton,Rian Johnson,7.1,2022,,Hollywood,English,Movie
The Grand Budapest Hotel 2,Comedy|Drama|Adventure,hotel friendship art Europe,A new generation protects a legendary hotel and its unusual traditions.,Ralph Fiennes|Tony Revolori,Wes Anderson,7.3,2025,,Hollywood,English,Movie
Mimi,Comedy|Drama|Family,surrogacy motherhood identity,A young woman takes an unexpected path to motherhood and independence.,Kriti Sanon|Pankaj Tripathi,Laxman Utekar,7.9,2021,,Bollywood,Hindi,Movie
Shershaah Film,Drama|War|Biography,soldier courage love sacrifice,A decorated soldier faces duty and danger while protecting his country.,Sidharth Malhotra|Kiara Advani,Vishnuvardhan,8.4,2021,,Bollywood,Hindi,Movie
Jugjugg Jeeyo Film,Comedy|Drama,marriage family relationships change,A family confronts expectations and changing relationships during a reunion.,Varun Dhawan|Kiara Advani,Raj Mehta,6.1,2022,,Bollywood,Hindi,Movie
Bhool Bhulaiyaa 2,Comedy|Horror|Mystery,haunted mansion family deception,A traveler investigates strange events in a mansion filled with secrets.,Kartik Aaryan|Tabu, Anees Bazmee,5.7,2022,,Bollywood,Hindi,Movie
Sam Bahadur,Drama|Biography|History,soldier leadership courage history,A military leader rises through history while serving with discipline and humor.,Vicky Kaushal|Sanya Malhotra,Meghna Gulzar,8.0,2023,,Bollywood,Hindi,Movie
Joram Film,Drama|Thriller,displacement survival injustice,A father protects his child while escaping a system that wants to control him.,Manoj Bajpayee|Tannishtha Chatterjee,Devashish Makhija,7.9,2023,,Bollywood,Hindi,Movie
Animal,Crime|Drama|Action,family violence ambition obsession,A troubled son struggles with love anger and his relationship with his father.,Ranbir Kapoor|Anil Kapoor,Sandeep Reddy Vanga,6.1,2023,,Bollywood,Hindi,Movie
Fighter,Action|Drama|War,pilots teamwork patriotism mission,Air force pilots unite to respond to a dangerous attack.,Hrithik Roshan|Deepika Padukone,Siddharth Anand,6.1,2024,,Bollywood,Hindi,Movie
Crew,Comedy|Crime|Drama,flight attendants friendship money ambition,Three flight attendants become involved in a risky plan to change their fortunes.,Tabu|Kareena Kapoor,Rajesh Krishnan,6.3,2024,,Bollywood,Hindi,Movie
Article 370 Film,Drama|Action|History,politics intelligence mission investigation,An intelligence team works through a high stakes national security operation.,Yami Gautam|Priyamani,Aditya Suhas Jambhale,7.8,2024,,Bollywood,Hindi,Movie
The Wire Extra,Crime|Drama,city police politics institutions,An investigation reveals how institutions shape crime and justice in a major city.,Dominic West|Idris Elba,David Simon,8.0,2025,,Hollywood,English,Movie
The Office Superfan,Comedy,workplace friendship office humor,Colleagues find humor and friendship while surviving ordinary office life.,Steve Carell|Rainn Wilson,Greg Daniels,8.0,2025,,Hollywood,English,Movie
The Bear Extra,Drama|Comedy,restaurant family pressure cooking,A chef tries to rebuild a restaurant while protecting his team and family.,Jeremy Allen White|Ayo Edebiri,Christopher Storer,7.8,2025,,Hollywood,English,Movie
Succession Legacy,Drama,wealth family power media,A powerful family faces a final struggle over its public legacy.,Brian Cox|Jeremy Strong,Jesse Armstrong,7.8,2025,,Hollywood,English,Movie
The Last Airbender,Animation|Adventure|Fantasy,element magic friendship war,A young hero masters the elements and restores balance to a divided world.,Zach Tyler Eisen|Mae Whitman,Michael Dante DiMartino,9.0,2005,,Hollywood,English,Series
House,Drama|Medical,mystery diagnosis hospital medicine,A brilliant doctor solves difficult medical cases while challenging everyone around him.,Hugh Laurie|Lisa Edelstein,David Shore,8.7,2004,,Hollywood,English,Series
Dexter,Crime|Drama|Thriller,serial killer justice identity,A crime analyst secretly hunts criminals who escaped justice.,Michael C Hall|Jennifer Carpenter,James Manos Jr,8.6,2006,,Hollywood,English,Series
Boardwalk Empire,Crime|Drama|History,prohibition politics gangster Atlantic City,A political boss builds an empire during the beginning of American prohibition.,Steve Buscemi|Kelly Macdonald,Terence Winter,8.6,2010,,Hollywood,English,Series
The Expanse,Sci-Fi|Drama|Mystery,space politics planets survival,Humanity expands across the solar system while political tension threatens war.,Steven Strait|Shohreh Aghdashloo,Mark Fergus,8.5,2015,,Hollywood,English,Series
The Night Agent,Action|Thriller|Mystery,spy conspiracy government protection,A low level agent answers a phone that pulls him into a dangerous conspiracy.,Gabriel Basso|Luciane Buchanan,Shawn Ryan,7.5,2023,,Hollywood,English,Series
Yellowstone,Drama|Western,family ranch power land conflict,A ranching family defends its land against developers and political rivals.,Kevin Costner|Luke Grimes,Taylor Sheridan,8.6,2018,,Hollywood,English,Series
Only Murders in the Building,Comedy|Mystery,murder podcast friendship neighbors,Three neighbors create a podcast while investigating a murder in their building.,Steve Martin|Martin Short,John Hoffman,8.1,2021,,Hollywood,English,Series
The White Lotus,Comedy|Drama|Mystery,hotel wealth secrets vacation,A luxury resort holiday exposes the hidden tensions of guests and staff.,Jennifer Coolidge|Murray Bartlett,Mike White,7.8,2021,,Hollywood,English,Series
The Last Kingdom,Action|Drama|History,war kingdom identity loyalty,A warrior fights to reclaim his home during the birth of a nation.,Alexander Dreymon|Emily Cox,Stephen Butchard,8.5,2015,,Hollywood,English,Series
The Newsroom,Drama|Politics|Journalism,news ethics newsroom truth,A newsroom team tries to report responsibly while facing pressure and competition.,Jeff Daniels|Emily Mortimer,Aaron Sorkin,8.6,2012,,Hollywood,English,Series
Paatal Lok Season Two,Crime|Thriller|Drama,police crime inequality investigation,A determined investigator follows a case through violence and political power.,Jaideep Ahlawat|Ishwak Singh,Avinash Arun,7.8,2025,,Bollywood,Hindi,Series
Special Ops 2,Action|Thriller|Drama,spy terrorism mission intelligence,A veteran intelligence officer leads another mission against a hidden threat.,Kay Kay Menon|Karan Tacker,Neeraj Pandey,8.0,2025,,Bollywood,Hindi,Series
The Family Man Season Three,Action|Drama|Comedy,spy family terrorism duty,A secret agent balances a new national threat with the demands of home.,Manoj Bajpayee|Priyamani,Raj Nidimoru,8.4,2025,,Bollywood,Hindi,Series
Panchayat Season Four,Comedy|Drama,village government friendship community,A village secretary and its residents face new challenges with humor and heart.,Jitendra Kumar|Raghubir Yadav,Deepak Kumar Mishra,8.8,2025,,Bollywood,Hindi,Series
Mirzapur Season Three,Crime|Action|Drama,gangster power revenge family,A criminal family faces a new challenge as rival powers compete for control.,Pankaj Tripathi|Ali Fazal,Gurmmeet Singh,8.0,2024,,Bollywood,Hindi,Series
Taaza Khabar,Comedy|Drama|Fantasy,ordinary man power fate family,A street sanitation worker receives a strange gift that changes his life.,Bhuvan Bam|Shriya Pilgaonkar,Himank Gaur,8.0,2023,,Bollywood,Hindi,Series
Kaala Paani,Drama|Thriller|Mystery,island survival disease government,A health crisis isolates an island community and tests the people trying to save it.,Ashutosh Gowariker|Arushi Sharma,Sameer Saxena,7.6,2023,,Bollywood,Hindi,Series
The Night Manager India,Crime|Thriller|Drama,undercover spy arms dealer deception,A hotel employee goes undercover to expose a dangerous arms dealer.,Aditya Roy Kapur|Anil Kapoor,Sandeep Modi,7.6,2023,,Bollywood,Hindi,Series
Trial by Fire,Drama|Biography|Legal,grief justice families fire,A couple seeks justice after a tragedy exposes failures in a public venue.,Abhay Deol|Rajshri Deshpande,Prashant Nair,8.3,2023,,Bollywood,Hindi,Series
Saas Bahu Aur Flamingo,Action|Drama|Crime,women family crime revenge,A powerful family of women runs a hidden business while defending its home.,Dimple Kapadia|Radhika Madan,Homi Adajania,7.0,2023,,Bollywood,Hindi,Series
The Railway Men Season Two,Drama|History|Disaster,workers courage disaster rescue,Workers face another dangerous emergency while protecting their community.,R. Madhavan|Kay Kay Menon,Shiv Rawail,7.7,2025,,Bollywood,Hindi,Series
Bandish Bandits,Romance|Drama|Music,music tradition ambition romance,Two musicians from different traditions find love while pursuing their art.,Ritwik Bhowmik|Shreya Chaudhary,Anand Tiwari,7.7,2020,,Bollywood,Hindi,Series
